,nature,resilience,sustainability,climate change
nature,1.0000000000000027,0.7086306299449094,0.7341657439041888,0.6938620968125704
resilience,0.7086306299449094,0.9999999999999991,0.7200850957640681,0.6941538681707817
sustainability,0.7341657439041888,0.7200850957640681,0.9999999999999977,0.6802297453404331
climate change,0.6938620968125704,0.6941538681707817,0.6802297453404331,1.0000000000000029
