,nature,resilience,sustainability,climate change
nature,1.000000000000025,0.7010121049392457,0.7258143158613916,0.6879048191836595
resilience,0.7010121049392457,0.9999999999999999,0.7105155964265724,0.6727610244507588
sustainability,0.7258143158613916,0.7105155964265724,0.9999999999999998,0.6816759025851941
climate change,0.6879048191836595,0.6727610244507588,0.6816759025851941,1.0000000000000022
