,nature,resilience,sustainability,climate change
nature,1.0000000000000173,0.7050797424100621,0.732582725803104,0.6818271480409888
resilience,0.7050797424100621,1.0000000000000033,0.7196220456269244,0.6814588910592944
sustainability,0.732582725803104,0.7196220456269244,1.0000000000000002,0.6778699243625598
climate change,0.6818271480409888,0.6814588910592944,0.6778699243625598,1.0000000000000002
