,nature,resilience,sustainability,climate change
nature,1.0,0.9673473834991455,0.9707937240600586,0.9484506249427795
resilience,0.9673473834991455,1.0,0.9711894392967224,0.9634456634521484
sustainability,0.9707937240600586,0.9711894392967224,1.0,0.9409066438674927
climate change,0.9484506249427795,0.9634456634521484,0.9409066438674927,1.0
